iter	Logloss
0	0.5322538967
1	0.4815295745
2	0.463602654
3	0.4561575904
4	0.4534636949
