iter	MultiClass
0	0.8918921564
1	0.7974894535
2	0.6574748626
3	0.5379502707
4	0.4753196684
5	0.4203700454
