,mean_fit_time,std_fit_time,mean_score_time,std_score_time,param_kernel,param_gamma,param_degree,param_C,params,split0_test_score,split1_test_score,split2_test_score,split3_test_score,mean_test_score,std_test_score,rank_test_score
4,0.0009999871253967285,3.097148193542142e-07,0.0007497668266296387,0.000432878473129129,sigmoid,0.0001,3,1000,"{'kernel': 'sigmoid', 'gamma': 0.0001, 'degree': 3, 'C': 1000}",0.9666666666666667,0.9666666666666667,0.9666666666666667,0.9666666666666667,0.9666666666666667,0.0,1
0,0.0012488365173339844,0.00043236257804516397,0.0002498626708984375,0.00043277484091095526,sigmoid,0.01,3,10,"{'kernel': 'sigmoid', 'gamma': 0.01, 'degree': 3, 'C': 10}",0.9,0.9,0.9333333333333333,0.9666666666666667,0.925,0.02763853991962833,2
3,0.0012492537498474121,0.00043267163548227187,0.0012491345405578613,0.0004330161349741568,rbf,0.001,,10,"{'kernel': 'rbf', 'gamma': 0.001, 'C': 10}",0.9666666666666667,0.9,0.8666666666666667,0.9666666666666667,0.925,0.04330127018922192,2
1,0.0017493367195129395,0.0012981524844872991,0.0012489557266235352,0.0004327061905519014,rbf,0.001,,1,"{'kernel': 'rbf', 'gamma': 0.001, 'C': 1}",0.9666666666666667,0.9,0.8666666666666667,0.9333333333333333,0.9166666666666667,0.03726779962499649,4
2,0.0004996061325073242,0.0004996063885043013,0.0007498860359191895,0.0004329469156406689,sigmoid,0.01,4,1000,"{'kernel': 'sigmoid', 'gamma': 0.01, 'degree': 4, 'C': 1000}",0.8,0.8333333333333334,0.7333333333333333,0.7333333333333333,0.775,0.043301270189221974,5
